{"cameraMode":{"drawMode":0,"name":"Shaded","section":"Shading Mode"},"sceneLighting":false,"audioPlay":false,"sceneViewState":{"m_AlwaysRefresh":false,"showFog":true,"showSkybox":false,"showFlares":true,"showImageEffects":true,"showParticleSystems":true,"showVisualEffectGraphs":true,"m_FxEnabled":true},"in2DMode":false,"pivot":{"x":0.18910124897956849,"y":1.268629789352417,"z":-0.05435967445373535},"rotation":{"x":0.10644293576478958,"y":0.05641506612300873,"z":-0.006115013733506203,"w":0.9927895665168762},"size":0.8572394251823425,"orthographic":false}