{"cameraMode":{"drawMode":0,"name":"Shaded","section":"Shading Mode"},"sceneLighting":false,"audioPlay":false,"sceneViewState":{"m_AlwaysRefresh":false,"showFog":true,"showSkybox":false,"showFlares":true,"showImageEffects":true,"showParticleSystems":true,"showVisualEffectGraphs":true,"m_FxEnabled":true},"in2DMode":false,"pivot":{"x":0.10381946712732315,"y":0.2229308933019638,"z":-0.42980653047561648},"rotation":{"x":0.16899265348911286,"y":-0.01503288559615612,"z":0.0024691838771104814,"w":0.9855831861495972},"size":0.7482959628105164,"orthographic":false}