{"cameraMode":{"drawMode":0,"name":"Shaded","section":"Shading Mode"},"sceneLighting":false,"audioPlay":false,"sceneViewState":{"m_AlwaysRefresh":false,"showFog":true,"showSkybox":false,"showFlares":true,"showImageEffects":true,"showParticleSystems":true,"showVisualEffectGraphs":true,"m_FxEnabled":true},"in2DMode":false,"pivot":{"x":0.12606731057167054,"y":1.837998628616333,"z":-0.16002118587493897},"rotation":{"x":-0.00568466167896986,"y":0.05075334012508392,"z":0.00022518303012475371,"w":0.9987862706184387},"size":0.994987428188324,"orthographic":false}