{"cameraMode":{"drawMode":0,"name":"Shaded","section":"Shading Mode"},"sceneLighting":true,"audioPlay":false,"sceneViewState":{"m_AlwaysRefresh":false,"showFog":true,"showSkybox":true,"showFlares":true,"showImageEffects":true,"showParticleSystems":true,"showVisualEffectGraphs":true,"m_FxEnabled":true},"in2DMode":false,"pivot":{"x":5.458056449890137,"y":3.1950340270996095,"z":20.42664909362793},"rotation":{"x":0.09163030982017517,"y":0.035610608756542209,"z":-0.0033401562832295896,"w":0.9952431321144104},"size":11.357243537902832,"orthographic":false}