{"cameraMode":{"drawMode":0,"name":"Shaded","section":"Shading Mode"},"sceneLighting":true,"audioPlay":false,"sceneViewState":{"m_AlwaysRefresh":false,"showFog":true,"showSkybox":true,"showFlares":true,"showImageEffects":true,"showParticleSystems":true,"showVisualEffectGraphs":true,"m_FxEnabled":true},"in2DMode":false,"pivot":{"x":0.4109625816345215,"y":3.7493691444396974,"z":94.21488952636719},"rotation":{"x":-0.019804924726486207,"y":0.0215917881578207,"z":-0.00043145244126208127,"w":-0.9995851516723633},"size":18.841718673706056,"orthographic":false}