{"cameraMode":{"drawMode":0,"name":"Shaded","section":"Shading Mode"},"sceneLighting":true,"audioPlay":false,"sceneViewState":{"m_AlwaysRefresh":false,"showFog":true,"showSkybox":true,"showFlares":true,"showImageEffects":true,"showParticleSystems":true,"showVisualEffectGraphs":true,"m_FxEnabled":true},"in2DMode":false,"pivot":{"x":3.5057027339935304,"y":-6.359390735626221,"z":6.313699245452881},"rotation":{"x":0.5118334889411926,"y":-0.002307503018528223,"z":0.0013792823301628233,"w":0.8591042757034302},"size":9.431771278381348,"orthographic":false}