{"cameraMode":{"drawMode":0,"name":"Shaded","section":"Shading Mode"},"sceneLighting":false,"audioPlay":false,"sceneViewState":{"m_AlwaysRefresh":false,"showFog":true,"showSkybox":false,"showFlares":true,"showImageEffects":true,"showParticleSystems":true,"showVisualEffectGraphs":true,"m_FxEnabled":true},"in2DMode":false,"pivot":{"x":1.2036259174346924,"y":-0.5354079604148865,"z":25.57940673828125},"rotation":{"x":0.05128991976380348,"y":-0.013718345202505589,"z":0.0006080087041482329,"w":0.9986745715141296},"size":14.747570037841797,"orthographic":false}