{"cameraMode":{"drawMode":0,"name":"Shaded","section":"Shading Mode"},"sceneLighting":false,"audioPlay":false,"sceneViewState":{"m_AlwaysRefresh":false,"showFog":true,"showSkybox":false,"showFlares":true,"showImageEffects":true,"showParticleSystems":true,"showVisualEffectGraphs":true,"m_FxEnabled":true},"in2DMode":false,"pivot":{"x":-2.445730209350586,"y":2.9004673957824709,"z":0.5728249549865723},"rotation":{"x":0.5373917818069458,"y":-0.00036417515366338193,"z":0.00043508069938980043,"w":0.8433912992477417},"size":0.8660283088684082,"orthographic":false}