{"cameraMode":{"drawMode":0,"name":"Shaded","section":"Shading Mode"},"sceneLighting":false,"audioPlay":false,"sceneViewState":{"m_AlwaysRefresh":false,"showFog":true,"showSkybox":false,"showFlares":true,"showImageEffects":true,"showParticleSystems":true,"showVisualEffectGraphs":true,"m_FxEnabled":true},"in2DMode":false,"pivot":{"x":-0.005033642053604126,"y":0.15873384475708009,"z":1.00909423828125},"rotation":{"x":-0.1519717425107956,"y":-0.09709185361862183,"z":0.015003105625510216,"w":-0.9834917187690735},"size":0.7348469495773315,"orthographic":false}