{"cameraMode":{"drawMode":0,"name":"Shaded","section":"Shading Mode"},"sceneLighting":false,"audioPlay":false,"sceneViewState":{"m_AlwaysRefresh":false,"showFog":true,"showSkybox":false,"showFlares":true,"showImageEffects":true,"showParticleSystems":true,"showVisualEffectGraphs":true,"m_FxEnabled":true},"in2DMode":false,"pivot":{"x":-0.08483076095581055,"y":-0.21838808059692384,"z":1.038820743560791},"rotation":{"x":-0.42570388317108157,"y":-0.015745678916573526,"z":0.0074095288291573528,"w":-0.9046967625617981},"size":0.7348469495773315,"orthographic":false}